{"cameraMode":{"drawMode":0,"name":"Shaded","section":"Shading Mode"},"sceneLighting":true,"audioPlay":false,"sceneViewState":{"m_AlwaysRefresh":false,"showFog":true,"showSkybox":true,"showFlares":true,"showImageEffects":true,"showParticleSystems":true,"showVisualEffectGraphs":true,"m_FxEnabled":true},"in2DMode":false,"pivot":{"x":55.020198822021487,"y":8.30923080444336,"z":5.641892910003662},"rotation":{"x":0.025914128869771959,"y":0.5793605446815491,"z":-0.01843949221074581,"w":0.8144441843032837},"size":19.676088333129884,"orthographic":false}